Temperature,Relative_Humidity,Surface_Pressure,Wind_Speed
29.7,36,1015.0,4.8
18.2,41,1013.3,16.1
17.0,62,995.9,2.1
20.4,73,995.7,4.0
29.9,69,1006.3,8.4
21.4,90,995.2,14.6
31.1,56,1002.5,4.3
32.6,41,997.5,2.2
34.5,73,1002.1,1.3
25.6,42,1021.3,7.1
27.7,88,1012.0,16.0
23.3,47,1014.0,1.3
20.2,53,1021.6,15.5
34.9,59,1002.5,11.6
23.4,58,1004.6,12.2
31.1,78,1012.5,11.2
18.9,81,1001.6,8.6
21.2,94,1012.3,10.2
30.7,88,1015.7,1.5
33.9,86,1003.5,5.2
19.9,95,1010.3,13.1
19.9,66,1005.7,16.5
25.6,51,998.8,13.5
27.4,82,1010.8,16.2
24.2,49,1021.9,2.9
26.4,83,996.3,2.4
29.4,85,1013.4,10.9
23.8,73,1021.9,9.8
37.3,90,1020.4,12.4
17.6,91,1009.5,5.2
29.7,42,1002.9,3.3
15.1,81,1018.6,5.1
26.5,46,1008.7,2.4
29.4,88,1012.3,11.2
18.5,83,999.4,17.2
36.2,93,995.0,6.2
15.4,94,1004.8,17.7
33.6,50,996.6,15.9
36.8,40,1014.8,14.8
37.5,69,1015.7,2.7
25.9,70,999.5,9.7
29.0,48,1020.1,13.7
30.9,80,1003.4,17.9
29.9,63,1019.3,8.4
20.7,39,1004.1,10.8
20.3,49,995.2,12.9
16.4,39,1019.4,15.5
16.6,50,1002.5,9.0
27.4,81,1020.3,10.5
25.9,85,1007.8,7.6
17.2,77,1006.6,7.9
25.7,81,996.5,11.9
29.9,38,1005.9,6.4
34.8,50,1000.2,9.9
18.2,46,1002.5,4.9
36.2,63,1016.8,15.5
17.3,76,1022.0,15.1
37.3,94,1015.3,4.6
24.3,65,1000.8,7.5
16.3,59,995.1,7.3
36.3,85,1007.3,7.9
37.0,85,1010.0,13.1
18.6,53,1000.9,1.5
31.9,38,1015.2,1.5
28.4,67,1019.8,9.8
16.3,67,997.2,3.8
28.7,78,1018.3,7.6
36.7,71,1001.6,10.9
29.2,61,1012.7,10.4
22.3,51,1000.5,13.0
20.5,60,998.5,11.8
25.5,94,1015.3,1.8
25.5,71,1021.9,1.8
19.9,51,998.6,6.6
16.6,50,1005.0,3.3
34.2,80,1003.2,17.7
33.6,68,995.2,14.8
21.9,77,997.8,15.9
21.1,91,997.9,10.2
21.3,73,1000.7,6.5
30.8,89,1002.1,9.0
35.8,89,996.4,11.6
34.1,37,995.1,14.0
29.7,51,999.4,8.2
31.2,70,995.3,1.8
35.3,92,999.0,1.1
23.5,70,999.0,2.7
22.1,92,1020.2,17.5
15.9,57,1000.7,4.9
17.4,84,1010.1,15.8
37.4,82,999.2,16.8
34.9,86,1016.9,15.9
15.6,82,1020.0,14.2
24.5,77,1018.3,14.7
21.1,85,1013.9,7.2
15.9,65,1001.0,14.8
25.6,54,1017.2,15.7
20.1,77,1000.2,6.2
34.9,84,1002.5,11.7
24.2,88,1009.5,16.9
17.7,51,999.8,17.3
21.1,41,1011.1,6.5
33.1,62,1011.4,9.4
23.9,71,1000.1,1.3
25.0,68,1020.0,9.9
31.5,82,1014.9,3.9
24.9,95,1012.9,6.3
22.2,89,998.4,16.3
26.7,77,1006.0,7.5
21.8,43,1000.2,12.1
23.7,82,1019.4,11.3
21.9,70,1017.5,5.8
19.8,85,1010.7,12.0
25.7,63,1013.2,9.4
33.3,85,1014.9,12.0
21.5,77,1012.1,6.4
33.8,83,1001.3,5.9
33.6,44,995.7,4.8
25.9,89,1015.7,8.5
35.4,71,1000.2,12.7
26.4,50,999.0,12.5
35.5,90,1015.8,2.4
24.8,46,1016.7,12.7
25.7,70,1001.7,15.3
25.5,86,1007.5,9.8
27.9,55,1020.7,16.1
29.1,81,1019.1,8.0
35.9,63,1019.2,13.5
25.9,51,1015.3,15.2
21.4,84,1009.1,11.5
21.3,39,1014.3,4.6
22.7,92,1009.6,2.9
20.3,79,999.1,4.2
24.5,56,1009.7,7.8
19.8,61,1005.5,14.0
36.8,36,1018.1,13.9
23.7,35,1020.5,5.7
24.0,92,1020.7,7.8
32.2,69,1016.6,16.2
26.2,52,1006.8,1.0
22.7,78,1016.5,13.2
34.3,93,998.4,11.4
15.6,60,1011.0,12.1
16.9,62,998.7,8.6
16.2,59,1003.8,8.5
22.8,91,1005.2,13.7
34.1,51,1017.5,8.7
32.2,38,1022.0,6.6
30.0,84,1020.8,1.2
15.7,50,1000.4,0.9
18.5,43,1007.8,2.5
36.8,64,1013.9,13.9
18.9,73,1021.0,13.1
32.9,45,1021.0,2.4
15.6,54,1010.5,16.4
23.6,95,1014.3,1.8
30.9,75,1001.6,12.7
21.9,78,1011.2,2.6
37.6,85,996.1,9.8
30.2,39,1008.7,6.5
34.5,87,1008.2,8.1
23.3,92,1017.4,12.9
25.0,81,1009.1,11.9
29.2,93,1009.5,9.0
25.0,81,1011.0,6.1
20.6,94,997.3,15.9
20.6,64,1010.4,12.2
22.7,66,1018.0,3.7
19.9,86,1002.0,5.4
28.7,91,1002.5,0.7
36.8,40,1001.5,7.6
27.8,50,1013.6,11.8
26.3,85,995.5,5.6
24.3,50,1003.3,10.7
25.9,68,1004.3,17.9
27.7,57,1014.0,5.2
20.8,42,1014.5,6.0
32.1,95,1015.6,3.7
20.0,65,1002.5,10.8
32.5,73,1002.6,2.3
19.5,49,1004.7,5.8
31.3,43,1002.4,17.6
27.7,79,1020.5,11.7
32.3,41,1018.6,10.5
25.8,63,1004.2,17.4
20.8,90,1007.9,14.9
24.2,39,1010.6,12.5
18.5,86,1010.2,5.8
37.9,42,1010.1,7.8
28.7,74,1001.1,9.6
25.4,63,1003.0,10.8
24.9,71,1011.8,11.2
32.0,95,1015.6,11.4
21.1,40,999.2,3.5
16.7,35,1006.0,12.6
25.8,37,1001.2,12.9
31.2,64,996.9,4.6
21.1,85,1011.9,12.1
36.5,62,998.1,4.4
18.4,52,1017.3,1.7
18.8,54,1011.1,14.9
36.2,63,998.4,12.6
31.1,95,1002.4,9.9
25.1,73,996.1,8.1
22.4,51,995.7,4.5
30.5,90,1010.5,17.1
38.0,78,1017.2,10.6
32.6,46,1007.7,11.9
36.1,46,1021.9,8.1
33.7,40,1007.7,7.6
22.4,41,1018.2,6.3
31.0,53,1012.9,7.5
32.5,37,1007.3,6.0
22.4,84,1005.9,9.5
37.7,77,1018.5,8.6
16.2,68,1004.8,13.7
29.4,83,996.4,5.2
18.0,53,1006.8,12.7
17.8,75,1011.4,4.7
18.6,70,995.4,7.6
20.2,88,1019.6,8.6
17.7,88,999.2,16.8
21.7,80,1002.4,15.1
37.5,50,1007.3,3.0
19.4,73,1008.7,15.9
34.9,52,1015.9,15.5
22.8,85,1008.7,14.9
21.5,54,1017.6,10.6
30.2,90,999.0,9.9
22.9,70,1015.6,7.1
36.5,90,1000.1,12.7
28.2,49,1018.1,7.7
22.3,65,1014.0,14.7
23.9,77,1016.4,11.9
18.5,37,998.4,17.4
22.6,41,1018.6,8.2
27.1,64,995.4,3.0
35.0,44,997.0,14.2
21.1,74,1013.7,11.9
34.6,89,1013.2,9.8
36.9,75,1014.4,13.8
35.1,37,1011.7,4.6
30.7,53,1021.9,13.6
25.0,41,1015.5,12.8
17.3,45,1013.7,16.3
16.1,85,996.5,6.8
24.9,50,1009.3,10.4
33.2,45,999.7,11.2
23.8,78,1001.5,16.5
18.3,64,1012.2,8.5
30.3,92,1016.7,16.3
30.6,45,997.0,17.0
37.7,54,1012.3,7.9
20.8,89,1003.2,18.0
34.6,41,1001.4,10.5
28.2,79,1003.0,17.6
30.1,52,995.2,15.6
32.9,38,1019.6,13.5
34.2,92,1002.7,14.5
29.0,57,1000.9,3.8
20.8,83,1014.5,12.0
34.3,75,997.6,11.5
15.9,85,1006.9,10.6
31.8,40,1019.6,6.2
24.6,47,998.6,9.9
37.3,68,1008.5,5.3
18.8,93,1017.3,8.9
33.5,82,1018.5,14.6
25.8,39,998.8,17.4
34.8,81,1013.2,7.5
34.5,70,1004.9,14.3
15.3,69,998.3,7.0
32.2,51,1010.8,14.9
36.6,41,1013.2,8.8
29.2,95,1010.2,16.5
20.1,39,1012.2,8.6
31.1,76,1006.0,2.9
36.8,54,1021.9,2.5
20.4,69,998.7,8.4
30.4,82,1013.8,10.0
28.5,81,999.2,7.8
17.3,66,1011.6,16.9
21.4,79,1005.0,8.3
36.9,89,1004.8,17.7
23.4,92,1021.4,6.8
24.2,47,1021.1,17.1
34.0,40,1012.9,11.7
28.7,36,996.4,6.3
37.7,85,1010.2,1.7
32.6,48,1010.8,14.7
20.4,84,999.0,16.3
15.1,89,1021.6,17.8
27.4,86,999.7,12.1
15.6,35,1004.7,14.3
28.5,36,999.7,1.4
32.1,68,998.1,1.6
25.3,58,1008.9,2.4
26.6,95,1011.6,13.2
35.9,77,1009.1,8.5
37.2,38,1022.0,15.3
24.8,41,1008.2,16.4
16.7,40,1003.7,3.1
17.9,74,1012.1,10.1
22.5,73,1009.3,8.4
28.9,41,1016.4,2.5
30.1,91,1015.8,13.1
19.9,63,1019.0,7.7
34.0,60,1006.2,2.2
24.8,77,1001.9,17.2
30.8,65,996.8,15.1
17.1,41,1015.1,7.0
18.0,38,1010.8,10.3
22.6,42,1006.1,15.8
36.6,62,1018.4,13.1
37.3,73,1003.4,2.3
26.7,44,1012.7,4.4
17.5,89,1010.0,2.5
21.4,49,1016.8,15.3
37.4,87,1011.8,12.3
27.8,73,1020.1,15.0
21.2,46,1002.4,13.8
36.2,57,995.2,15.7
28.0,60,996.9,13.5
37.4,40,1015.1,4.3
24.7,56,999.3,6.0
22.5,95,1010.3,2.0
16.2,45,1015.4,1.4
16.9,63,1012.9,9.0
25.2,52,1000.8,9.5
22.9,42,1002.6,12.4
26.2,77,1003.3,4.4
37.6,38,995.2,5.8
19.9,43,1015.6,5.6
17.8,66,1015.2,3.6
23.7,80,1001.2,10.3
30.4,57,996.9,15.6
16.0,36,1007.4,1.9
22.2,62,1010.5,12.9
24.6,42,1005.9,17.4
19.0,95,1011.7,15.1
36.2,40,1006.8,2.4
25.0,60,1009.1,7.4
22.1,56,1001.0,14.1
16.8,75,998.1,9.4
35.8,57,1004.5,17.3
29.8,44,1001.4,3.1
19.5,73,999.1,13.8
16.7,95,1015.9,9.1
32.4,83,1010.6,12.4
35.3,76,1012.2,11.4
34.9,75,1003.5,8.2
25.8,75,1003.2,5.3
16.3,67,997.0,8.6
15.9,58,1017.5,1.8
34.9,89,997.4,10.9
23.8,72,1010.0,14.4
35.6,63,1019.5,10.5
19.3,73,1007.8,3.1
16.4,41,1016.9,15.2
37.6,40,1008.6,3.5
20.7,63,1021.8,9.7
29.0,58,1005.1,5.5
24.4,56,1013.3,1.4
29.5,56,996.8,2.2
30.6,53,1001.8,15.4
